<?xml version="1.0" encoding="UTF-8"?>
<template name="listEvents" xmlns="http://ws.apache.org/ns/synapse">
		<parameter name="limit" description="The limit" />
		<parameter name="offset" description="The offset" />
		<parameter name="startTime" description="The startTime" />
		<parameter name="endTime" description="The endTime" />
		<parameter name="webhookStatus" description="The webhookStatus" />
		<parameter name="eventType" description="The eventType" />
		<sequence>
				<property expression="$func:limit" name="uri.var.limit" />
				<property expression="$func:offset" name="uri.var.offset" />
				<property expression="$func:startTime" name="uri.var.startTime" />
				<property expression="$func:endTime" name="uri.var.endTime" />
				<property expression="$func:webhookStatus" name="uri.var.webhookStatus" />
				<property expression="$func:eventType" name="uri.var.eventType" />
						<call>
			<endpoint>
				<http method="post" uri-template="{uri.var.apiUrl}" />
			</endpoint>
		</call>
	</sequence>
</template>