<?xml version="1.0" encoding="UTF-8"?>
<connector>
    <component name="chargebee" package="org.wso2.carbon.connector" >
        <dependency component="chargebee_config"/>
        <dependency component="chargebee_coupons"/>
        <dependency component="chargebee_customers"/>
        <dependency component="chargebee_events"/>
        <dependency component="chargebee_invoices"/>
        <dependency component="chargebee_plans"/>
        <dependency component="chargebee_subscriptions"/>
        <description>chargebee connector library</description>
        <icon>icon/icon-small.gif</icon>
    </component>
</connector>
