<?xml version="1.0" encoding="UTF-8"?>
<component name="chargebee_plans" type="synapse/template">
  <subComponents>
    	<component name="createPlan">
      <file>createPlan.xml</file>
      <description>Creates a plan</description>
    </component>
    	<component name="listPlans">
      <file>listPlans.xml</file>
      <description>List all plans</description>
    </component>
    	<component name="getPlan">
      <file>getPlan.xml</file>
      <description>Retrieve plan details for the given planId</description>
    </component>
    </subComponents>
</component>