<?xml version="1.0" encoding="UTF-8"?>
<template name="createPlan" xmlns="http://ws.apache.org/ns/synapse">
		<parameter name="planId" description="The planId" />
		<parameter name="planName" description="The planName" />
		<parameter name="invoiceName" description="The invoiceName" />
		<parameter name="description" description="The description" />
		<parameter name="trialPeriod" description="The trialPeriod" />
		<parameter name="trialPeriodUnit" description="The trialPeriodUnit" />
		<parameter name="period" description="The period" />
		<parameter name="periodUnit" description="The periodUnit" />
		<parameter name="setupCost" description="The setupCost" />
		<parameter name="price" description="The price" />
		<parameter name="billingCycles" description="The billingCycles" />
		<parameter name="chargeModel" description="The chargeModel" />
		<parameter name="freeQuantity" description="The freeQuantity" />
		<parameter name="downgradePenalty" description="The downgradePenalty" />
		<parameter name="redirectUrl" description="The redirectUrl" />
		<parameter name="enabledInHostedPages" description="The enabledInHostedPages" />
		<sequence>
				<property expression="$func:planId" name="uri.var.planId" />
				<property expression="$func:planName" name="uri.var.planName" />
				<property expression="$func:invoiceName" name="uri.var.invoiceName" />
				<property expression="$func:description" name="uri.var.description" />
				<property expression="$func:trialPeriod" name="uri.var.trialPeriod" />
				<property expression="$func:trialPeriodUnit" name="uri.var.trialPeriodUnit" />
				<property expression="$func:period" name="uri.var.period" />
				<property expression="$func:periodUnit" name="uri.var.periodUnit" />
				<property expression="$func:setupCost" name="uri.var.setupCost" />
				<property expression="$func:price" name="uri.var.price" />
				<property expression="$func:billingCycles" name="uri.var.billingCycles" />
				<property expression="$func:chargeModel" name="uri.var.chargeModel" />
				<property expression="$func:freeQuantity" name="uri.var.freeQuantity" />
				<property expression="$func:downgradePenalty" name="uri.var.downgradePenalty" />
				<property expression="$func:redirectUrl" name="uri.var.redirectUrl" />
				<property expression="$func:enabledInHostedPages" name="uri.var.enabledInHostedPages" />
						<call>
			<endpoint>
				<http method="post" uri-template="{uri.var.apiUrl}" />
			</endpoint>
		</call>
	</sequence>
</template>