<?xml version="1.0" encoding="UTF-8"?>
<component name="chargebee_coupons" type="synapse/template">
  <subComponents>
    	<component name="createCoupon">
      <file>createCoupon.xml</file>
      <description>Creates a coupon</description>
    </component>
    	<component name="listCoupons">
      <file>listCoupons.xml</file>
      <description>List all coupons</description>
    </component>
    	<component name="getCoupon">
      <file>getCoupon.xml</file>
      <description>Retrieve coupon details for the given couponId</description>
    </component>
    </subComponents>
</component>