<?xml version="1.0" encoding="UTF-8"?>
<!--
   Copyright (c) 2005-2015, WSO2 Inc. (http://www.wso2.org) All Rights Reserved.

   WSO2 Inc. licenses this file to you under the Apache License,
   Version 2.0 (the "License"); you may not use this file except
   in compliance with the License.
   You may obtain a copy of the License at

   http://www.apache.org/licenses/LICENSE-2.0

   Unless required by applicable law or agreed to in writing,
   software distributed under the License is distributed on an
   "AS IS" BASIS, WITHOUT WARRANTIES OR CONDITIONS OF ANY
   KIND, either express or implied. See the License for the
   specific language governing permissions and limitations
   under the License.
-->
<!-- API Doc: https://apidocs.chargebee.com/docs/api/coupons#create_a_coupon -->
<template name="createCoupon" xmlns="http://ws.apache.org/ns/synapse">
   <parameter name="couponId" description="ID of the coupon." />
   <parameter name="couponName" description="Name of the coupon." />
   <parameter name="invoiceName" description="Name of the invoice." />
   <parameter name="discountType" description="The type of discount." />
   <parameter name="discountAmount" description="Discount value in cents." />
   <parameter name="discountPercentage" description="Discount value in percentage." />
   <parameter name="discountQuantity" description="Number of offered quantity for discount." />
   <parameter name="applyOn" description="The invoice items for which this discounts need to be applied." />
   <parameter name="planConstraint" description="Plans the coupon can be applied to." />
   <parameter name="addonConstraint" description="Addons the coupon can be applied to." />
   <parameter name="planIds" description="List of IDs of the plans." />
   <parameter name="addonIds" description="List of IDs of the addons." />
   <parameter name="durationType" description="Specifies the time duration this coupon is applicable." />
   <parameter name="durationMonth" description="The duration in months for the coupon to be applied." />
   <parameter name="validTill" description="Date upto which the coupon can be applied to new subscriptions." />
   <parameter name="maxRedemptions" description="Maximum number of times this coupon can be redeemed." />
   <parameter name="invoiceNotes" description="Invoice Notes for the coupon." />
   <sequence>
      <property name="uri.var.couponId" expression="$func:couponId" />
      <property name="uri.var.couponName" expression="$func:couponName" />
      <property name="uri.var.invoiceName" expression="$func:invoiceName" />
      <property name="uri.var.discountType" expression="$func:discountType" />
      <property name="uri.var.discountAmount" expression="$func:discountAmount" />
      <property name="uri.var.discountPercentage" expression="$func:discountPercentage" />
      <property name="uri.var.discountQuantity" expression="$func:discountQuantity" />
      <property name="uri.var.applyOn" expression="$func:applyOn" />
      <property name="uri.var.planConstraint" expression="$func:planConstraint" />
      <property name="uri.var.addonConstraint" expression="$func:addonConstraint" />
      <property name="uri.var.planIds" expression="$func:planIds" />
      <property name="uri.var.addonIds" expression="$func:addonIds" />
      <property name="uri.var.durationType" expression="$func:durationType" />
      <property name="uri.var.durationMonth" expression="$func:durationMonth" />
      <property name="uri.var.validTill" expression="$func:validTill" />
      <property name="uri.var.maxRedemptions" expression="$func:maxRedemptions" />
      <property name="uri.var.invoiceNotes" expression="$func:invoiceNotes" />
      <payloadFactory media-type="json">
         <format>
            {
               "id": "$1",
               "name": "$2",
               "discount_type":"$3",
               "apply_on":"$4",
               "duration_type":"$5"
            }
         </format>
         <args>
            <arg expression="get-property('uri.var.couponId')" />
            <arg expression="get-property('uri.var.couponName')" />
            <arg expression="get-property('uri.var.discountType')" />
            <arg expression="get-property('uri.var.applyOn')" />
            <arg expression="get-property('uri.var.durationType')" />
         </args>
      </payloadFactory>
      <script language="js">
         <![CDATA[
            //request body optional parameters
            var invoiceName = mc.getProperty('uri.var.invoiceName');
            var discountAmount = mc.getProperty('uri.var.discountAmount');
            var discountPercentage = mc.getProperty('uri.var.discountPercentage');
            var discountQuantity = mc.getProperty('uri.var.discountQuantity');
            var planConstraint = mc.getProperty('uri.var.planConstraint');
            var addonConstraint = mc.getProperty('uri.var.addonConstraint');
            var planIds = mc.getProperty('uri.var.planIds');
            var addonIds = mc.getProperty('uri.var.addonIds');
            var durationMonth = mc.getProperty('uri.var.durationMonth');
            var validTill = mc.getProperty('uri.var.validTill');
            var maxRedemptions = mc.getProperty('uri.var.maxRedemptions');
            var invoiceNotes = mc.getProperty('uri.var.invoiceNotes');
            var payload = mc.getPayloadJSON();
            if (invoiceName != null && invoiceName != "") {
               payload.invoice_name = invoiceName;
            }
            if (discountAmount != null && discountAmount != "") {
               payload.discount_amount = discountAmount;
            }
            if (discountPercentage != null && discountPercentage != "") {
               payload.discount_percentage = discountPercentage;
            }
            if (discountQuantity != null && discountQuantity != "") {
               payload.discount_quantity = discountQuantity;
            }
            if (planConstraint != null && planConstraint != "") {
               payload.plan_constraint = planConstraint;
            }
            if (addonConstraint != null && addonConstraint != "") {
               payload.addon_constraint = addonConstraint;
            }
            if (planIds != null && planIds != "") {
               payload.plan_ids = planIds;
            }
            if (addonIds != null && addonIds != "") {
               payload.addon_ids = addonIds;
            }
            if (durationMonth != null && durationMonth != "") {
               payload.duration_month = durationMonth;
            }
            if (validTill != null && validTill != "") {
               payload.valid_till = validTill;
            }
            if (maxRedemptions != null && maxRedemptions != "") {
               payload.max_redemptions = maxRedemptions;
            }
            if (invoiceNotes != null && invoiceNotes != "") {
               payload.invoice_notes = invoiceNotes;
            }
            mc.setPayloadJSON(payload);
         ]]>
      </script>
      <property name="messageType" value="application/x-www-form-urlencoded" scope="axis2"/>
      <call>
         <endpoint>
            <http method="post" uri-template="{uri.var.apiUrl}/coupons" />
         </endpoint>
      </call>
   </sequence>
</template>