<?xml version="1.0" encoding="UTF-8"?>
<!--
   Copyright (c) 2005-2015, WSO2 Inc. (http://www.wso2.org) All Rights Reserved.

   WSO2 Inc. licenses this file to you under the Apache License,
   Version 2.0 (the "License"); you may not use this file except
   in compliance with the License.
   You may obtain a copy of the License at

   http://www.apache.org/licenses/LICENSE-2.0

   Unless required by applicable law or agreed to in writing,
   software distributed under the License is distributed on an
   "AS IS" BASIS, WITHOUT WARRANTIES OR CONDITIONS OF ANY
   KIND, either express or implied. See the License for the
   specific language governing permissions and limitations
   under the License.
-->
<!-- API Doc: https://developer.pagerduty.com/documentation/rest/authentication/ -->
<template name="init" xmlns="http://ws.apache.org/ns/synapse">
   <parameter name="apiUrl" description="The URL of the Pagerduty REST API." />
   <parameter name="apiToken" description="The security token of the API." />
   <sequence>
      <property name="uri.var.apiUrl" expression="$func:apiUrl" />
      <property name="uri.var.apiToken" expression="$func:apiToken" />
      <!-- API URL contains a sub-domain specific to the account. -->
      <property name="uri.var.apiUrl" expression="fn:concat(get-property('uri.var.apiUrl'), '/api/v1')" />
      <property name="Authorization" expression="fn:concat('Token token=', get-property('uri.var.apiToken'))"
         scope="transport" />
      <property name="Content-Type" value="application/json" scope="transport" />
   </sequence>
</template>