<?xml version="1.0" encoding="UTF-8"?>
<!--
   Copyright (c) 2005-2015, WSO2 Inc. (http://www.wso2.org) All Rights Reserved.

   WSO2 Inc. licenses this file to you under the Apache License,
   Version 2.0 (the "License"); you may not use this file except
   in compliance with the License.
   You may obtain a copy of the License at

   http://www.apache.org/licenses/LICENSE-2.0

   Unless required by applicable law or agreed to in writing,
   software distributed under the License is distributed on an
   "AS IS" BASIS, WITHOUT WARRANTIES OR CONDITIONS OF ANY
   KIND, either express or implied. See the License for the
   specific language governing permissions and limitations
   under the License.
-->
<!-- API Doc: https://developer.pagerduty.com/documentation/rest/users/create -->
<template name="createUser" xmlns="http://ws.apache.org/ns/synapse">
   <parameter name="role" description="The role of the user. One of the admin, user or limited_user." />
   <parameter name="name" description="The name of the user." />
   <parameter name="email" description="The email address of the user." />
   <parameter name="jobTitle" description="The job title of the user." />
   <parameter name="timeZone" description="The time zone of the user." />
   <parameter name="requesterId" description="The unique identifier of the user who is making the request." />
   <sequence>
      <property name="uri.var.role" expression="$func:role" />
      <property name="uri.var.name" expression="$func:name" />
      <property name="uri.var.email" expression="$func:email" />
      <property name="uri.var.jobTitle" expression="$func:jobTitle" />
      <property name="uri.var.timeZone" expression="$func:timeZone" />
      <property name="uri.var.requesterId" expression="$func:requesterId" />
      <payloadFactory media-type="json">
         <format>
            { 
               "name": "$1",
               "email": "$2"
            }
         </format>
         <args>
            <arg expression="get-property('uri.var.name')" />
            <arg expression="get-property('uri.var.email')" />
         </args>
      </payloadFactory>
      <script language="js">
         <![CDATA[
            //request body optional parameters
            var role = mc.getProperty('uri.var.role');
            var jobTitle = mc.getProperty('uri.var.jobTitle');
            var timeZone = mc.getProperty('uri.var.timeZone');
            var requesterId = mc.getProperty('uri.var.requesterId');
            var payload = mc.getPayloadJSON();
            if (role != null && role != "") {
               payload.role = role;
            }
            if (jobTitle != null && jobTitle != "") {
               payload.job_title = jobTitle;
            }
            if (timeZone != null && timeZone != "") {
               payload.time_zone = timeZone;
            }
            if (requesterId != null && requesterId != "") {
               payload.requester_id = requesterId;
            }
            mc.setPayloadJSON(payload);
         ]]>
      </script>
      <property name="DISABLE_CHUNKING" value="true" scope="axis2" />
      <call>
         <endpoint>
            <http method="post" uri-template="{uri.var.apiUrl}/users" />
         </endpoint>
      </call>
      <header name="X-Request-Id" scope="transport" action="remove" />
      <header name="X-UA-Compatible" scope="transport" action="remove" />
      <header name="Status" scope="transport" action="remove" />
      <header name="ETag" scope="transport" action="remove" />
      <header name="Access-Control-Allow-Headers" scope="transport" action="remove" />
      <header name="Access-Control-Max-Age" scope="transport" action="remove" />
      <header name="Access-Control-Allow-Methods" scope="transport" action="remove" />
      <header name="WWW-Authenticate" scope="transport" action="remove" />
   </sequence>
</template>